start,end,title,desc,location
13:00,13:10,オープニング①,全体,1F ホール
13:10,13:15,オープニング②,全体,1F ホール
13:15,14:45,全体講演,Keynote,1F ホール
14:45,15:00,休憩,全体,
15:00,16:00,分科会①,LT,Room1
15:00,16:00,分科会①,LT,Room2
15:00,16:00,分科会①,LT,Room3
15:00,16:00,分科会①,LT,Room4
16:00,16:20,休憩,全体,
16:20,17:20,分科会②,LT,Room1
16:20,17:20,分科会②,LT,Room2
16:20,17:20,分科会②,LT,Room3
16:20,17:20,分科会②,LT,Room4
17:30,18:45,懇親会,全体,3F ラウンジ
18:45,18:50,事務局からのご連絡,全体,3F ラウンジ
18:50,18:55,クロージング,全体,3F ラウンジ
18:55,19:00,全体写真撮影,全体,3F ラウンジ
19:00,19:15,移動,全体,
19:15,21:15,懇親会（任意）,全体,麹町
